{"cameraMode":{"drawMode":0,"name":"Shaded","section":"Shading Mode"},"sceneLighting":true,"audioPlay":false,"sceneViewState":{"m_AlwaysRefresh":false,"showFog":true,"showSkybox":false,"showFlares":true,"showImageEffects":true,"showParticleSystems":true,"showVisualEffectGraphs":true,"m_FxEnabled":false},"in2DMode":false,"pivot":{"x":-1.1155006885528565,"y":0.30357158184051516,"z":-0.09417510032653809},"rotation":{"x":0.12481781095266342,"y":0.7654897570610046,"z":-0.15621104836463929,"w":0.6116032600402832},"size":0.9509400129318237,"orthographic":false}