{"cameraMode":{"drawMode":0,"name":"Shaded","section":"Shading Mode"},"sceneLighting":false,"audioPlay":false,"sceneViewState":{"m_AlwaysRefresh":false,"showFog":true,"showSkybox":false,"showFlares":true,"showImageEffects":true,"showParticleSystems":true,"showVisualEffectGraphs":true,"m_FxEnabled":true},"in2DMode":false,"pivot":{"x":-2.0032660961151125,"y":0.5871624946594238,"z":-2.6706111431121828},"rotation":{"x":-0.09590956568717957,"y":0.7736137509346008,"z":-0.12073754519224167,"w":-0.6146432757377625},"size":0.27950844168663027,"orthographic":false}